Haplotype,Genome
Doves/Eurasian_CollaredDove/bStrDea1_pri,/local/storage/dhardesty/assemblies/#Birds/Doves/Eurasian_CollaredDove/bStrDea1_pri.fna
Doves/Pink_Pigeon/bNesMay2_pri,/local/storage/dhardesty/assemblies/#Birds/Doves/Pink_Pigeon/bNesMay2_pri.fna
Doves/Pink_Pigeon/bNesMay2_alt,/local/storage/dhardesty/assemblies/#Birds/Doves/Pink_Pigeon/bNesMay2_alt.fna
Doves/Nicobar_Pigeon/bCalNic1_pri,/local/storage/dhardesty/assemblies/#Birds/Doves/Nicobar_Pigeon/bCalNic1_pri.fna
Doves/Nicobar_Pigeon/bCalNic1_alt,/local/storage/dhardesty/assemblies/#Birds/Doves/Nicobar_Pigeon/bCalNic1_alt.fna
Doves/BandTailed_Pigeon/bPatFas1_alt,/local/storage/dhardesty/assemblies/#Birds/Doves/BandTailed_Pigeon/bPatFas1_alt.fna
Doves/BandTailed_Pigeon/bPatFas1_pri,/local/storage/dhardesty/assemblies/#Birds/Doves/BandTailed_Pigeon/bPatFas1_pri.fna
Doves/Rock_Dove/bColLiv1_pri,/local/storage/dhardesty/assemblies/#Birds/Doves/Rock_Dove/bColLiv1_pri.fna
Doves/Rock_Dove/bColLiv1_alt,/local/storage/dhardesty/assemblies/#Birds/Doves/Rock_Dove/bColLiv1_alt.fna
Doves/European_Turtle_Dove/bStrTur1_pri,/local/storage/dhardesty/assemblies/#Birds/Doves/European_Turtle_Dove/bStrTur1_pri.fna
Doves/European_Turtle_Dove/bStrTur1_alt,/local/storage/dhardesty/assemblies/#Birds/Doves/European_Turtle_Dove/bStrTur1_alt.fna
Eagles/European_Golden_Eagle/bAquChr1_pri,/local/storage/dhardesty/assemblies/#Birds/Eagles/European_Golden_Eagle/GCA_900496995.4_bAquChr1.4_genomic.fna
Eagles/European_Golden_Eagle/bAquChr1_alt,/local/storage/dhardesty/assemblies/#Birds/Eagles/European_Golden_Eagle/GCA_902153765.2_bAquChr1.4_alternate_haplotype_genomic.fna
Eagles/WhiteTailed_Eagle/bHalAlb1_pri,/local/storage/dhardesty/assemblies/#Birds/Eagles/WhiteTailed_Eagle/GCA_947461875.1_bHalAlb1.1_genomic.fna
Eagles/WhiteTailed_Eagle/bHalAlb1_alt,/local/storage/dhardesty/assemblies/#Birds/Eagles/WhiteTailed_Eagle/GCA_947461935.1_bHalAlb1.1_alternate_haplotype_genomic.fna
Eagles/Harpy_Eagle/bHarHar1_pri,/local/storage/dhardesty/assemblies/#Birds/Eagles/Harpy_Eagle/GCA_026419915.1_bHarHar1_primary_haplotype_genomic.fna
Eagles/Harpy_Eagle/bHarHar1_alt,/local/storage/dhardesty/assemblies/#Birds/Eagles/Harpy_Eagle/GCA_026419925.1_bHarHar1_alt_genomic.fna
Eagles/Crested_Eagle/bMorGui1_pri,/local/storage/dhardesty/assemblies/#Birds/Eagles/Crested_Eagle/GCA_045345505.1_bMorGui1_haplotype_1_genomic.fna
Eagles/Crested_Eagle/bMorGui1_alt,/local/storage/dhardesty/assemblies/#Birds/Eagles/Crested_Eagle/GCA_045345515.1_bMorGui1_haplotype_2_genomic.fna
Eagles/Northern_Goshawk/bAccGen1_pri,/local/storage/dhardesty/assemblies/#Birds/Eagles/Northern_Goshawk/GCA_929443795.1_bAccGen1.1_genomic.fna
Eagles/Northern_Goshawk/bAccGen1_alt,/local/storage/dhardesty/assemblies/#Birds/Eagles/Northern_Goshawk/GCA_929447715.1_bAccGen1.1_alternate_haplotype_genomic.fna
Eagles/Bearded_Vulture/bGypBar2_alt,/local/storage/dhardesty/assemblies/#Birds/Eagles/Bearded_Vulture/GCA_028017155.1_bGypBar2.alt_genomic.fna
Eagles/Bearded_Vulture/bGypBar2_pri,/local/storage/dhardesty/assemblies/#Birds/Eagles/Bearded_Vulture/GCA_028022735.1_bGypBar2.pri_genomic.fna
Eagles/Common_Buzzard/bButBut1_pri,/local/storage/dhardesty/assemblies/#Birds/Eagles/Common_Buzzard/GCA_964188355.1_bButBut1.hap1.1_genomic.fna
Eagles/Golden_Eagle/bAquChr2_pri,/local/storage/dhardesty/assemblies/#Birds/Eagles/Golden_Eagle/GCA_030820615.1_bAquChr2.0.hap1_genomic.fna
Eagles/Golden_Eagle/bAquChr2_alt,/local/storage/dhardesty/assemblies/#Birds/Eagles/Golden_Eagle/GCA_030820595.1_bAquChr2.0.hap2_genomic.fna
Falcons/Peregrine_Falcon/bFalPer1_pri,/local/storage/dhardesty/assemblies/#Birds/Falcons/Peregrine_Falcon/GCA_023634155.1_bFalPer1.pri_genomic.fna
Falcons/Peregrine_Falcon/bFalPer1_alt,/local/storage/dhardesty/assemblies/#Birds/Falcons/Peregrine_Falcon/GCA_023634185.1_bFalPer1.alt_genomic.fna
Falcons/Gyrfalcon/bFalRus1_pri,/local/storage/dhardesty/assemblies/#Birds/Falcons/Gyrfalcon/GCA_015220075.1_bFalRus1.pri_genomic.fna
Falcons/Gyrfalcon/bFalRus1_alt,/local/storage/dhardesty/assemblies/#Birds/Falcons/Gyrfalcon/GCA_015220155.1_bFalRus1.alt_genomic.fna
Falcons/Lanner_Falcon/bFalBia1_alt,/local/storage/dhardesty/assemblies/#Birds/Falcons/Lanner_Falcon/GCA_023634305.1_bFalBia1.alt_genomic.fna
Falcons/Lanner_Falcon/bFalBia1_pri,/local/storage/dhardesty/assemblies/#Birds/Falcons/Lanner_Falcon/GCA_023638135.1_bFalBia1.pri_genomic.fna
Falcons/Saker_Falcon/bFalChe1_pri,/local/storage/dhardesty/assemblies/#Birds/Falcons/Saker_Falcon/GCA_023634085.1_bFalChe1.pri_genomic.fna
Falcons/Saker_Falcon/bFalChe1_alt,/local/storage/dhardesty/assemblies/#Birds/Falcons/Saker_Falcon/GCA_023634115.1_bFalChe1.alt_genomic.fna
Falcons/Lesser_Kestrel/bFalNau1_pri,/local/storage/dhardesty/assemblies/#Birds/Falcons/Lesser_Kestrel/GCA_017639645.1_bFalNau1.mat_genomic.fna
Falcons/Lesser_Kestrel/bFalNau1_alt,/local/storage/dhardesty/assemblies/#Birds/Falcons/Lesser_Kestrel/GCA_017639655.1_bFalNau1.pat_genomic.fna
Falcons/Mauritius_Kestrel/bFalPun1_pri,/local/storage/dhardesty/assemblies/#Birds/Falcons/Mauritius_Kestrel/GCA_963210335.1_bFalPun1.1_genomic.fna
Falcons/Mauritius_Kestrel/bFalPun1_alt,/local/storage/dhardesty/assemblies/#Birds/Falcons/Mauritius_Kestrel/GCA_963210275.1_bFalPun1.1_alternate_haplotype_genomic.fna
Ibises/Plumbeous_Ibis/bTheCae1_pri,/local/storage/dhardesty/assemblies/#Birds/Ibises/Plumbeous_Ibis/GCA_020745775.1_bTheCae1.pri.cur_genomic.fna
Ibises/Plumbeous_Ibis/bTheCae1_alt,/local/storage/dhardesty/assemblies/#Birds/Ibises/Plumbeous_Ibis/GCA_020745805.1_bTheCae1.alt.cur_genomic.fna
Ibises/Eurasian_Spoonbill/bPlaLeu2_pri,/local/storage/dhardesty/assemblies/#Birds/Ibises/Eurasian_Spoonbill/GCA_965183815.1_bPlaLeu2.hap1.1_genomic.fna
Landfowl/White_Leghorn_Layer_Chicken/bGalGal1_pri,/local/storage/dhardesty/assemblies/#Birds/Landfowl/White_Leghorn_Layer_Chicken/GCA_016700215.2_bGalGal1.pat.whiteleghornlayer.GRCg7w_WZ_genomic.fna
Landfowl/White_Leghorn_Layer_Chicken/bGalGal1_alt,/local/storage/dhardesty/assemblies/#Birds/Landfowl/White_Leghorn_Layer_Chicken/GCA_016699485.1_bGalGal1.mat.broiler.GRCg7b_genomic.fna
Landfowl/Rock_Ptarmigan/bLagMut1_pri,/local/storage/dhardesty/assemblies/#Birds/Landfowl/Rock_Ptarmigan/GCA_023343835.1_bLagMut1_primary_genomic.fna
Landfowl/Rock_Ptarmigan/bLagMut1_alt,/local/storage/dhardesty/assemblies/#Birds/Landfowl/Rock_Ptarmigan/GCA_023344045.1_bLagMut1_alternate_genomic.fna
Landfowl/Western_Capercaillie/bTetUro1_alt,/local/storage/dhardesty/assemblies/#Birds/Landfowl/Western_Capercaillie/GCA_951394355.1_bTetUro1.1_alternate_haplotype_genomic.fna
Landfowl/Western_Capercaillie/bTetUro1_pri,/local/storage/dhardesty/assemblies/#Birds/Landfowl/Western_Capercaillie/GCA_951394365.1_bTetUro1.1_genomic.fna
Landfowl/King_Quail/bCotChi1_alt,/local/storage/dhardesty/assemblies/#Birds/Landfowl/King_Quail/GCA_039878825.1_bCotChi1.hap2_genomic.fna
Landfowl/King_Quail/bCotChi1_pri,/local/storage/dhardesty/assemblies/#Birds/Landfowl/King_Quail/GCA_039878515.1_bCotChi1.hap1_genomic.fna
Landfowl/California_Quail/bCalCai1_pri,/local/storage/dhardesty/assemblies/#Birds/Landfowl/California_Quail/GCA_023055505.1_bCalCai1.0.p_genomic.fna
Landfowl/California_Quail/bCalCai1_alt,/local/storage/dhardesty/assemblies/#Birds/Landfowl/California_Quail/GCA_023055725.1_bCalCai1.0.a_genomic.fna
Landfowl/Mountain_Quail/bOrePic1_pri,/local/storage/dhardesty/assemblies/#Birds/Landfowl/Mountain_Quail/GCA_036925125.1_bOrePic1.0.hap1_genomic.fna
Landfowl/Mountain_Quail/bOrePic1_alt,/local/storage/dhardesty/assemblies/#Birds/Landfowl/Mountain_Quail/GCA_036925155.1_bOrePic1.0.hap2_genomic.fna
Landfowl/IMGT_Chicken/bGRCg6a_pri,/local/storage/dhardesty/assemblies/#Birds/Landfowl/IMGT_Chicken/GCA_000002315.5_GRCg6a_genomic.fna
Parrots/Kakapo/bStrHab1_pri,/local/storage/dhardesty/assemblies/#Birds/Parrots/Kakapo/GCA_004027225.2_bStrHab1.2.pri_genomic.fna
Parrots/Budgerigar/bMelUnd1_pri,/local/storage/dhardesty/assemblies/#Birds/Parrots/Budgerigar/GCA_012275295.1_bMelUnd1.mat.Z_genomic.fna
Parrots/BlueAndGold_Macaw/bAraAra1_pri,/local/storage/dhardesty/assemblies/#Birds/Parrots/BlueAndGold_Macaw/GCA_028858755.1_bAraAra1.hap1_genomic.fna
Parrots/BlueAndGold_Macaw/bAraAra1_alt,/local/storage/dhardesty/assemblies/#Birds/Parrots/BlueAndGold_Macaw/GCA_028858555.1_bAraAra1.hap2_genomic.fna
Parrots/YellowCrowned_Amazon/bAmaOch1_pri,/local/storage/dhardesty/assemblies/#Birds/Parrots/YellowCrowned_Amazon/GCA_039720435.1_bAmaOch1.hap1_genomic.fna
Parrots/YellowCrowned_Amazon/bAmaOch1_alt,/local/storage/dhardesty/assemblies/#Birds/Parrots/YellowCrowned_Amazon/GCA_039720425.1_bAmaOch1.hap2_genomic.fna
Parrots/Swift_Parrot/bLatDis1_pri,/local/storage/dhardesty/assemblies/#Birds/Parrots/Swift_Parrot/GCA_037157495.1_bLatDis1.hap1_genomic.fna
Parrots/Swift_Parrot/bLatDis1_alt,/local/storage/dhardesty/assemblies/#Birds/Parrots/Swift_Parrot/GCA_037157625.1_bLatDis1.hap2_genomic.fna
Parrots/Golden_Parakeet/bGuaGua1_pri,/local/storage/dhardesty/assemblies/#Birds/Parrots/Golden_Parakeet/GCA_045345405.1_bGuaGua1_haplotype_1_genomic.fna
Parrots/Golden_Parakeet/bGuaGua1_alt,/local/storage/dhardesty/assemblies/#Birds/Parrots/Golden_Parakeet/GCA_045519325.1_bGuaGua1_haplotype_2_genomic.fna
Parrots/Mauritius_Parakeet/bPsiEch3_pri,/local/storage/dhardesty/assemblies/#Birds/Parrots/Mauritius_Parakeet/GCA_963264785.1_bPsiEch3.1_genomic.fna
Parrots/Mauritius_Parakeet/bPsiEch3_alt,/local/storage/dhardesty/assemblies/#Birds/Parrots/Mauritius_Parakeet/GCA_963243765.1_bPsiEch3.1_alternate_haplotype_genomic.fna
Plovers/European_Golden_Plover/bPluApr1_pri,/local/storage/dhardesty/assemblies/#Birds/Plovers/European_Golden_Plover/GCA_017639485.1_bPluApr1.pri_genomic.fna
Plovers/European_Golden_Plover/bPluApr1_alt,/local/storage/dhardesty/assemblies/#Birds/Plovers/European_Golden_Plover/GCA_017639475.1_bPluApr1.alt_genomic.fna
Plovers/Northern_Lapwing/bVanVan1_pri,/local/storage/dhardesty/assemblies/#Birds/Plovers/Northern_Lapwing/GCA_965231255.1_bVanVan1.hap1.1_genomic.fna
Plovers/Razorbill/bAlcTor1_pri,/local/storage/dhardesty/assemblies/#Birds/Plovers/Razorbill/GCA_008658365.1_bAlcTor1_primary_genomic.fna
Plovers/Razorbill/bAlcTor1_alt,/local/storage/dhardesty/assemblies/#Birds/Plovers/Razorbill/GCA_008658355.1_bAlcTor1_alternate_genomic.fna
Plovers/Eurasian_Curlew/bNumArq3_pri,/local/storage/dhardesty/assemblies/#Birds/Plovers/Eurasian_Curlew/GCA_964106895.1_bNumArq3.hap1.1_genomic.fna
Plovers/Common_Tern/bSteHir1_pri,/local/storage/dhardesty/assemblies/#Birds/Plovers/Common_Tern/GCA_009819605.1_bSteHir1.pri_genomic.fna
Plovers/Common_Tern/bSteHir1_alt,/local/storage/dhardesty/assemblies/#Birds/Plovers/Common_Tern/GCA_009819645.1_bSteHir1.alt_genomic.fna
Plovers/BlackLegged_Kittiwake/bRisTri1_pri,/local/storage/dhardesty/assemblies/#Birds/Plovers/BlackLegged_Kittiwake/GCA_028501385.1_bRisTri1.mat.cur.20221130_genomic.fna
Plovers/BlackLegged_Kittiwake/bRisTri1_alt,/local/storage/dhardesty/assemblies/#Birds/Plovers/BlackLegged_Kittiwake/GCA_028500815.1_bRisTri1.patW.cur.20221130_genomic.fna
Plovers/BlackHeaded_Gull/bChrRid1_alt,/local/storage/dhardesty/assemblies/#Birds/Plovers/BlackHeaded_Gull/GCA_963924255.1_bChrRid1.1_alternate_haplotype_genomic.fna
Plovers/BlackHeaded_Gull/bChrRid1_pri,/local/storage/dhardesty/assemblies/#Birds/Plovers/BlackHeaded_Gull/GCA_963924245.1_bChrRid1.1_genomic.fna
Plovers/Lesser_BlackBacked_Gull/bLarFus1_pri,/local/storage/dhardesty/assemblies/#Birds/Plovers/Lesser_BlackBacked_Gull/GCA_963932225.1_bLarFus1.1_genomic.fna
Plovers/Lesser_BlackBacked_Gull/bLarFus1_alt,/local/storage/dhardesty/assemblies/#Birds/Plovers/Lesser_BlackBacked_Gull/GCA_963932325.1_bLarFus1.1_alternate_haplotype_genomic.fna
Plovers/YellowLegged_Gull/bLarMic1_pri,/local/storage/dhardesty/assemblies/#Birds/Plovers/YellowLegged_Gull/GCA_964199755.1_bLarMic1.1_genomic.fna
Plovers/YellowLegged_Gull/bLarMic1_alt,/local/storage/dhardesty/assemblies/#Birds/Plovers/YellowLegged_Gull/GCA_964199725.1_bLarMic1.1_alternate_haplotype_genomic.fna
Plovers/Herring_Gull/bLarArg3_pri,/local/storage/dhardesty/assemblies/#Birds/Plovers/Herring_Gull/GCA_964417175.1_bLarArg3.hap1.1_genomic.fna
Plovers/Snowy_Plover/bChaNiv1_pri,/local/storage/dhardesty/assemblies/#Birds/Plovers/Snowy_Plover/GCA_043789995.1_bChaNiv1.0.p_genomic.fna
Plovers/Snowy_Plover/bChaNiv1_alt,/local/storage/dhardesty/assemblies/#Birds/Plovers/Snowy_Plover/GCA_043789925.1_bChaNiv1.0.a_genomic.fna
Suboscines/WhiteCrowned_Manakin/bDixPip1_pri,/local/storage/dhardesty/assemblies/#Birds/Suboscines/WhiteCrowned_Manakin/GCA_036250125.1_bDixPip1.hap1_genomic.fna
Suboscines/WhiteCrowned_Manakin/bDixPip1_alt,/local/storage/dhardesty/assemblies/#Birds/Suboscines/WhiteCrowned_Manakin/GCA_036250125.1_bDixPip1.hap2_genomic.fna
Suboscines/Xingu_ScaleBacked_Antbird/bWilVid1_pri,/local/storage/dhardesty/assemblies/#Birds/Suboscines/Xingu_ScaleBacked_Antbird/GCA_045364795.1_bWilVid1_haplotype_1_genomic.fna
Suboscines/Xingu_ScaleBacked_Antbird/bWilVid1_alt,/local/storage/dhardesty/assemblies/#Birds/Suboscines/Xingu_ScaleBacked_Antbird/GCA_045364795.1_bWilVid1_alt_genomic.fna
Suboscines/LancedTailed_Manakin/bChiLan1_pri,/local/storage/dhardesty/assemblies/#Birds/Suboscines/LancedTailed_Manakin/GCA_009829145.1_bChiLan1.pri_genomic.fna
Suboscines/LancedTailed_Manakin/bChiLan1_alt,/local/storage/dhardesty/assemblies/#Birds/Suboscines/LancedTailed_Manakin/GCA_009829145.1_bChiLan1.alt_genomic.fna
Hummingbirds/Annas_Hummingbird/bCalAnn1_pri,/local/storage/dhardesty/assemblies/#Birds/Hummingbirds/Annas_Hummingbird/GCA_003957555.2_bCalAnn1_v1.p_genomic.fna
Hummingbirds/Annas_Hummingbird/bCalAnn1_alt,/local/storage/dhardesty/assemblies/#Birds/Hummingbirds/Annas_Hummingbird/GCA_003957575.1_bCalAnn1_v1.h_genomic.fna
Hummingbirds/Allens_Hummingbird/bSelSas1_pri,/local/storage/dhardesty/assemblies/#Birds/Hummingbirds/Allens_Hummingbird/GCA_043774175.1_bSelSas1.0.p_genomic.fna
Hummingbirds/Allens_Hummingbird/bSelSas1_alt,/local/storage/dhardesty/assemblies/#Birds/Hummingbirds/Allens_Hummingbird/GCA_043774085.1_bSelSas1.0.a_genomic.fna
Hummingbirds/LongTailed_Hermit/bPhaSup1_pri,/local/storage/dhardesty/assemblies/#Birds/Hummingbirds/LongTailed_Hermit/GCA_023637945.2_bPhaSup1.pri_genomic.fna
Hummingbirds/LongTailed_Hermit/bPhaSup1_alt,/local/storage/dhardesty/assemblies/#Birds/Hummingbirds/LongTailed_Hermit/GCA_023637925.2_bPhaSup1.alt_genomic.fna
Hummingbirds/Tourmaline_Sunangel/bHelExo1_pri,/local/storage/dhardesty/assemblies/#Birds/Hummingbirds/Tourmaline_Sunangel/GCA_036169615.1_bHelExo1.hap1_genomic.fna
Hummingbirds/Tourmaline_Sunangel/bHelExo1_alt,/local/storage/dhardesty/assemblies/#Birds/Hummingbirds/Tourmaline_Sunangel/GCA_036172335.1_bHelExo1.hap2_genomic.fna
Songbirds/Bells_Sparrow/bArtBel1_pri,/local/storage/dhardesty/assemblies/#Birds/Songbirds/Bells_Sparrow/GCA_021963965.1_bArtBel1.0.p_genomic.fna
Songbirds/Bells_Sparrow/bArtBel1_alt,/local/storage/dhardesty/assemblies/#Birds/Songbirds/Bells_Sparrow/GCA_021966175.1_bArtBel1.0.a_genomic.fna
Songbirds/Bengalese_Finch/bLonStr1_pri,/local/storage/dhardesty/assemblies/#Birds/Songbirds/Bengalese_Finch/GCA_046129695.1_bLonStr1.mat_genomic.fna
Songbirds/Bengalese_Finch/bLonStr1_alt,/local/storage/dhardesty/assemblies/#Birds/Songbirds/Bengalese_Finch/GCA_046129705.1_bLonStr1.pat_genomic.fna
Songbirds/BlackCapped_Chickadee/bPoeAtr1_pri,/local/storage/dhardesty/assemblies/#Birds/Songbirds/BlackCapped_Chickadee/GCA_030490865.1_bPoeAtr1.hap1_genomic.fna
Songbirds/BlackCapped_Chickadee/bPoeAtr1_alt,/local/storage/dhardesty/assemblies/#Birds/Songbirds/BlackCapped_Chickadee/GCA_030490865.1_bPoeAtr1.hap2_genomic.fna
Songbirds/Blue_Jay/bCyaCrs1_pri,/local/storage/dhardesty/assemblies/#Birds/Songbirds/Blue_Jay/GCA_046129655.1_bCyaCrs1.hap1_genomic.fna
Songbirds/Blue_Jay/bCyaCrs1_alt,/local/storage/dhardesty/assemblies/#Birds/Songbirds/Blue_Jay/GCA_046129645.1_bCyaCrs1.hap2_genomic.fna
Songbirds/California_Scrub_Jay/bAphCal1_pri,/local/storage/dhardesty/assemblies/#Birds/Songbirds/California_Scrub_Jay/GCA_028536675.1_bAphCal1.0.hap1_genomic.fna
Songbirds/California_Scrub_Jay/bAphCal1_alt,/local/storage/dhardesty/assemblies/#Birds/Songbirds/California_Scrub_Jay/GCA_028536645.1_bAphCal1.0.hap2_genomic.fna
Songbirds/Common_Chaffinch/bFriCoe1_pri,/local/storage/dhardesty/assemblies/#Birds/Songbirds/Common_Chaffinch/GCA_963513975.1_bFriCoe1.1_genomic.fna
Songbirds/Common_Chaffinch/bFriCoe1_alt,/local/storage/dhardesty/assemblies/#Birds/Songbirds/Common_Chaffinch/GCA_963513985.1_bFriCoe1.1_alternate_haplotype_genomic.fna
Songbirds/Common_Myna/bAcrTri1_pri,/local/storage/dhardesty/assemblies/#Birds/Songbirds/Common_Myna/GCA_027559615.1_bAcrTri1.pri_genomic.fna
Songbirds/Common_Myna/bAcrTri1_alt,/local/storage/dhardesty/assemblies/#Birds/Songbirds/Common_Myna/GCA_027559525.1_bAcrTri1.alt_genomic.fna
Songbirds/Common_Yellowthroat/bGeoTri1_pri,/local/storage/dhardesty/assemblies/#Birds/Songbirds/Common_Yellowthroat/GCA_009764595.1_bGeoTri1.pri_genomic.fna
Songbirds/Common_Yellowthroat/bGeoTri1_alt,/local/storage/dhardesty/assemblies/#Birds/Songbirds/Common_Yellowthroat/GCA_009764545.1_bGeoTri1.alt_genomic.fna
Songbirds/Eastern_BlackEared_Wheatear/bOenMel1_pri,/local/storage/dhardesty/assemblies/#Birds/Songbirds/Eastern_BlackEared_Wheatear/GCA_029582105.1_OMel1.0_genomic.fna
Songbirds/European_Blackcap/bSylAtr1_pri,/local/storage/dhardesty/assemblies/#Birds/Songbirds/European_Blackcap/GCA_009819655.1_bSylAtr1.pri_genomic.fna
Songbirds/European_Blackcap/bSylAtr1_alt,/local/storage/dhardesty/assemblies/#Birds/Songbirds/European_Blackcap/GCA_009819715.1_bSylAtr1.alt_genomic.fna
Songbirds/European_Robin/bEriRub2_pri,/local/storage/dhardesty/assemblies/#Birds/Songbirds/European_Robin/GCA_903797595.2_bEriRub2.2_genomic.fna
Songbirds/European_Robin/bEriRub2_alt,/local/storage/dhardesty/assemblies/#Birds/Songbirds/European_Robin/GCA_903797565.2_bEriRub2.2_alternate_haplotype_genomic.fna
Songbirds/Garden_Warbler/bSylBor1_pri,/local/storage/dhardesty/assemblies/#Birds/Songbirds/Garden_Warbler/GCA_014839755.1_bSylBor1.pri_genomic.fna
Songbirds/Garden_Warbler/bSylBor1_alt,/local/storage/dhardesty/assemblies/#Birds/Songbirds/Garden_Warbler/GCA_014839765.1_bSylBor1.alt_genomic.fna
Songbirds/Hawaiian_Crow/bCorHaw1_pri,/local/storage/dhardesty/assemblies/#Birds/Songbirds/Hawaiian_Crow/GCA_020740725.1_bCorHaw1.pri.cur_genomic.fna
Songbirds/Hawaiian_Crow/bCorHaw1_alt,/local/storage/dhardesty/assemblies/#Birds/Songbirds/Hawaiian_Crow/GCA_020740675.1_bCorHaw1.alt.cur_genomic.fna
Songbirds/House_Finch/AL_1_alt,/local/storage/dhardesty/assemblies/#Kats_Birds/#final/genomes/house_finches/AL1/AL_1_alt/GCA_046618955.1_AL_1_hap2.fa
Songbirds/House_Finch/AL_1_pri,/local/storage/dhardesty/assemblies/#Kats_Birds/#final/genomes/house_finches/AL1/AL_1_pri/GCA_046619255.1_AL_1_hap1.fa
Songbirds/House_Finch/AL_2_alt,/local/storage/dhardesty/assemblies/#Kats_Birds/#final/genomes/house_finches/AL2/AL_2_alt/GCA_046618975.1_AL_2_hap2.fa
Songbirds/House_Finch/AL_2_pri,/local/storage/dhardesty/assemblies/#Kats_Birds/#final/genomes/house_finches/AL2/AL_2_pri/GCA_046619225.1_AL_2_hap1.fa
Songbirds/House_Finch/AZ_1_alt,/local/storage/dhardesty/assemblies/#Kats_Birds/#final/genomes/house_finches/AZ1/AZ_1_alt/GCA_046619055.1_AZ_1_hap2.fa
Songbirds/House_Finch/AZ_1_pri,/local/storage/dhardesty/assemblies/#Kats_Birds/#final/genomes/house_finches/AZ1/AZ_1_pri/GCA_046630065.1_AZ_1_hap1.fa
Songbirds/House_Finch/AZ_2_alt,/local/storage/dhardesty/assemblies/#Kats_Birds/#final/genomes/house_finches/AZ2/AZ_2_alt/GCA_046619105.1_AZ_2_hap2.fa
Songbirds/House_Finch/AZ_2_pri,/local/storage/dhardesty/assemblies/#Kats_Birds/#final/genomes/house_finches/AZ2/AZ_2_pri/GCA_046619305.1_AZ_2_hap1.fa
Songbirds/House_Finch/CA_1_alt,/local/storage/dhardesty/assemblies/#Kats_Birds/#final/genomes/house_finches/CA1/CA_1_alt/GCA_046619175.1_CA_1_hap2.fa
Songbirds/House_Finch/CA_1_pri,/local/storage/dhardesty/assemblies/#Kats_Birds/#final/genomes/house_finches/CA1/CA_1_pri/GCA_046619395.1_CA_1_hap1.fa
Songbirds/House_Finch/CA_2_alt,/local/storage/dhardesty/assemblies/#Kats_Birds/#final/genomes/house_finches/CA2/CA_2_alt/GCA_046619145.1_CA_2_hap2.fa
Songbirds/House_Finch/CA_2_pri,/local/storage/dhardesty/assemblies/#Kats_Birds/#final/genomes/house_finches/CA2/CA_2_pri/GCA_046619375.1_CA_2_hap1.fa
Songbirds/House_Finch/MA_1_alt,/local/storage/dhardesty/assemblies/#Kats_Birds/#final/genomes/house_finches/MA1/MA_1_alt/GCA_046618675.1_MA_1_hap2.fa
Songbirds/House_Finch/MA_1_pri,/local/storage/dhardesty/assemblies/#Kats_Birds/#final/genomes/house_finches/MA1/MA_1_pri/GCA_046618795.1_MA_1_hap1.fa
Songbirds/House_Finch/MA_2_alt,/local/storage/dhardesty/assemblies/#Kats_Birds/#final/genomes/house_finches/MA2/MA_2_alt/GCA_046618625.1_MA_2_hap2.fa
Songbirds/House_Finch/MA_2_pri,/local/storage/dhardesty/assemblies/#Kats_Birds/#final/genomes/house_finches/MA2/MA_2_pri/GCA_046618755.1_MA_2_hap1.fa
Songbirds/House_Finch/NM_1_alt,/local/storage/dhardesty/assemblies/#Kats_Birds/#final/genomes/house_finches/NM1/NM_1_alt/GCA_046619135.1_NM_1_hap2.fa
Songbirds/House_Finch/NM_1_pri,/local/storage/dhardesty/assemblies/#Kats_Birds/#final/genomes/house_finches/NM1/NM_1_pri/GCA_046619335.1_NM_1_hap1.fa
Songbirds/House_Finch/NM_2_alt,/local/storage/dhardesty/assemblies/#Kats_Birds/#final/genomes/house_finches/NM2/NM_2_alt/GCA_046619065.1_NM_2_hap2.fa
Songbirds/House_Finch/NM_2_pri,/local/storage/dhardesty/assemblies/#Kats_Birds/#final/genomes/house_finches/NM2/NM_2_pri/GCA_046619345.1_NM_2_hap1.fa
Songbirds/House_Finch/NY_1_alt,/local/storage/dhardesty/assemblies/#Kats_Birds/#final/genomes/house_finches/NY1/NY_1_alt/GCA_046618985.1_NY_1_hap2.fa
Songbirds/House_Finch/NY_1_pri,/local/storage/dhardesty/assemblies/#Kats_Birds/#final/genomes/house_finches/NY1/NY_1_pri/GCA_046618825.1_NY_1_hap1.fa
Songbirds/House_Finch/NY_2_alt,/local/storage/dhardesty/assemblies/#Kats_Birds/#final/genomes/house_finches/NY2/NY_2_alt/GCA_046618735.1_NY_2_hap2.fa
Songbirds/House_Finch/NY_2_pri,/local/storage/dhardesty/assemblies/#Kats_Birds/#final/genomes/house_finches/NY2/NY_2_pri/GCA_046618745.1_NY_2_hap1.fa
Songbirds/House_Finch/OH_1_alt,/local/storage/dhardesty/assemblies/#Kats_Birds/#final/genomes/house_finches/OH1/OH_1_alt/GCA_046618945.1_OH_1_hap2.fa
Songbirds/House_Finch/OH_1_pri,/local/storage/dhardesty/assemblies/#Kats_Birds/#final/genomes/house_finches/OH1/OH_1_pri/GCA_046619185.1_OH_1_hap1.fa
Songbirds/House_Finch/OH_2_alt,/local/storage/dhardesty/assemblies/#Kats_Birds/#final/genomes/house_finches/OH2/OH_2_alt/GCA_046618935.1_OH_2_hap2.fa
Songbirds/House_Finch/OH_2_pri,/local/storage/dhardesty/assemblies/#Kats_Birds/#final/genomes/house_finches/OH2/OH_2_pri/GCA_046619155.1_OH_2_hap1.fa
Songbirds/House_Finch/WA_1_alt,/local/storage/dhardesty/assemblies/#Kats_Birds/#final/genomes/house_finches/WA1/WA_1_alt/GCA_046619045.1_WA_1_hap2.fa
Songbirds/House_Finch/WA_1_pri,/local/storage/dhardesty/assemblies/#Kats_Birds/#final/genomes/house_finches/WA1/WA_1_pri/GCA_046619285.1_WA_1_hap1.fa
Songbirds/House_Finch/WA_2_alt,/local/storage/dhardesty/assemblies/#Kats_Birds/#final/genomes/house_finches/WA2/WA_2_alt/GCA_046619035.1_WA_2_hap2.fa
Songbirds/House_Finch/WA_2_pri,/local/storage/dhardesty/assemblies/#Kats_Birds/#final/genomes/house_finches/WA2/WA_2_pri/GCA_046619275.1_WA_2_hap1.fa
Songbirds/House_Finch/bHaeMex1.alt,/local/storage/dhardesty/assemblies/#Kats_Birds/#final/genomes/house_finches/bHaeMex1/bHaeMex1.alt/GCA_027406555.1_bHaeMex1.alt.fa
Songbirds/House_Finch/bHaeMex1.pri,/local/storage/dhardesty/assemblies/#Kats_Birds/#final/genomes/house_finches/bHaeMex1/bHaeMex1.pri/GCA_027477595.1_bHaeMex1.pri.fa
Songbirds/House_Sparrow/bPasDom1_pri,/local/storage/dhardesty/assemblies/#Birds/Songbirds/House_Sparrow/GCA_036417665.1_bPasDom1.hap1_genomic.fna
Songbirds/House_Sparrow/bPasDom1_alt,/local/storage/dhardesty/assemblies/#Birds/Songbirds/House_Sparrow/GCA_036417895.1_bPasDom1.hap2_genomic.fna
Songbirds/Nelsons_Sparrow/bAmmNel1_alt,/local/storage/dhardesty/assemblies/#Birds/Songbirds/Nelsons_Sparrow/GCA_027579445.1_bAmmNel1.alt_genomic.fna
Songbirds/Nelsons_Sparrow/bAmmNel1_pri,/local/storage/dhardesty/assemblies/#Birds/Songbirds/Nelsons_Sparrow/GCA_027579445.1_bAmmNel1.pri_genomic.fna
Songbirds/New_Caledonian_Crow/bCorMon1_pri,/local/storage/dhardesty/assemblies/#Birds/Songbirds/New_Caledonian_Crow/GCA_009650955.1_bCorMon1.pri_genomic.fna
Songbirds/New_Caledonian_Crow/bCorMon1_alt,/local/storage/dhardesty/assemblies/#Birds/Songbirds/New_Caledonian_Crow/GCA_009651025.1_bCorMon1.alt_genomic.fna
Songbirds/RedWinged_Blackbird/bAgePho2_pri,/local/storage/dhardesty/assemblies/#Birds/Songbirds/RedWinged_Blackbird/GCA_020745825.3_Agelaius_phoeniceus_1.1_genomic.fna
Songbirds/Saltmarsh_Sparrow/bAmmCau1_pri,/local/storage/dhardesty/assemblies/#Birds/Songbirds/Saltmarsh_Sparrow/GCA_027887145.1_bAmmCau1.pri_genomic.fna
Songbirds/Saltmarsh_Sparrow/bAmmCau1_alt,/local/storage/dhardesty/assemblies/#Birds/Songbirds/Saltmarsh_Sparrow/GCA_027887135.1_bAmmCau1.alt_genomic.fna
Songbirds/Savannah_Sparrow/bPasSan2_pri,/local/storage/dhardesty/assemblies/#Birds/Songbirds/Savannah_Sparrow/GCA_031885435.1_bPasSan2.pri_genomic.fna
Songbirds/Savannah_Sparrow/bPasSan2_alt,/local/storage/dhardesty/assemblies/#Birds/Songbirds/Savannah_Sparrow/GCA_031876245.1_bPasSan2.alt_genomic.fna
Songbirds/Savannah_Sparrow2/bPasSan1_pri,/local/storage/dhardesty/assemblies/#Birds/Songbirds/Savannah_Sparrow2/GCA_022577445.1_bPasSan1.0.p_genomic.fna
Songbirds/Savannah_Sparrow2/bPasSan1_alt,/local/storage/dhardesty/assemblies/#Birds/Songbirds/Savannah_Sparrow2/GCA_022578375.1_bPasSan1.0.a_genomic.fna
Songbirds/Seaside_Sparrow/bAmmMai1_pri,/local/storage/dhardesty/assemblies/#Birds/Songbirds/Seaside_Sparrow/GCA_036010785.1_bAmmMai1.pri_genomic.fna
Songbirds/Seaside_Sparrow/bAmmMai1_alt,/local/storage/dhardesty/assemblies/#Birds/Songbirds/Seaside_Sparrow/GCA_036010685.1_bAmmMai1.alt_genomic.fna
Songbirds/Song_Sparrow2/bMelMel1_pri,/local/storage/dhardesty/assemblies/#Birds/Songbirds/Song_Sparrow2/GCA_022749695.1_bMelMel1.0.p_genomic.fna
Songbirds/Song_Sparrow2/bMelMel1_alt,/local/storage/dhardesty/assemblies/#Birds/Songbirds/Song_Sparrow2/GCA_022749775.1_bMelMel1.0.a_genomic.fna
Songbirds/Stellers_Jay/bCyaSte1_pri,/local/storage/dhardesty/assemblies/#Birds/Songbirds/Stellers_Jay/GCA_026167965.1_bCyaSte1.0.p_genomic.fna
Songbirds/Stellers_Jay/bCyaSte1_alt,/local/storage/dhardesty/assemblies/#Birds/Songbirds/Stellers_Jay/GCA_026168045.1_bCyaSte1.0.a_genomic.fna
Songbirds/Swainsons_Thrush/bCatUst1_pri,/local/storage/dhardesty/assemblies/#Birds/Songbirds/Swainsons_Thrush/GCA_009819885.2_bCatUst1.pri.v2_genomic.fna
Songbirds/Swainsons_Thrush/bCatUst1_alt,/local/storage/dhardesty/assemblies/#Birds/Songbirds/Swainsons_Thrush/GCA_009819885.2_bCatUst1.alt.v2_genomic.fna
Songbirds/Swamp_Sparrow/bMelGeo1_alt,/local/storage/dhardesty/assemblies/#Birds/Songbirds/Swamp_Sparrow/GCA_028019105.1_bMelGeo1.alt_genomic.fna
Songbirds/Swamp_Sparrow/bMelGeo1_pri,/local/storage/dhardesty/assemblies/#Birds/Songbirds/Swamp_Sparrow/GCA_028018845.1_bMelGeo1.pri_genomic.fna
Songbirds/Tricolored_Blackbird/bAgeTri1_pri,/local/storage/dhardesty/assemblies/#Birds/Songbirds/Tricolored_Blackbird/GCA_023055355.1_bAgeTri1.0.p_genomic.fna
Songbirds/Tricolored_Blackbird/bAgeTri1_alt,/local/storage/dhardesty/assemblies/#Birds/Songbirds/Tricolored_Blackbird/GCA_023055385.1_bAgeTri1.0.a_genomic.fna
Songbirds/Village_Indigobird/bVidCha1_pri,/local/storage/dhardesty/assemblies/#Birds/Songbirds/Village_Indigobird/GCA_026979565.1_bVidCha1_merged_haplotype_genomic.fna
Songbirds/Western_Jackdaw/bColMon1_pri,/local/storage/dhardesty/assemblies/#Birds/Songbirds/Western_Jackdaw/GCA_965178545.1_bColMon1.hap1.1_genomic.fna
Songbirds/WhiteThroated_Dipper/bCinCin1_pri,/local/storage/dhardesty/assemblies/#Birds/Songbirds/WhiteThroated_Dipper/GCA_963662255.1_bCinCin1.1_genomic.fna
Songbirds/WhiteThroated_Dipper/bCinCin1_alt,/local/storage/dhardesty/assemblies/#Birds/Songbirds/WhiteThroated_Dipper/GCA_963662255.1_bCinCin1.1.alt_genomic.fna
Songbirds/WhiteThroated_Sparrow/bZonAlb1_pri,/local/storage/dhardesty/assemblies/#Birds/Songbirds/WhiteThroated_Sparrow/GCA_047830755.1_bZonAlb1.hap1_genomic.fna
Songbirds/WhiteThroated_Sparrow/bZonAlb1_alt,/local/storage/dhardesty/assemblies/#Birds/Songbirds/WhiteThroated_Sparrow/GCA_047830755.1_bZonAlb1.hap2_genomic.fna
Songbirds/Wrentit/bChaFas1_pri,/local/storage/dhardesty/assemblies/#Birds/Songbirds/Wrentit/GCA_029207755.1_bChaFas1.0.hap1_genomic.fna
Songbirds/Wrentit/bChaFas1_alt,/local/storage/dhardesty/assemblies/#Birds/Songbirds/Wrentit/GCA_029207785.1_bChaFas1.0.hap2_genomic.fna
Songbirds/Yellow_Warbler/bSetPet1_pri,/local/storage/dhardesty/assemblies/#Birds/Songbirds/Yellow_Warbler/GCA_024362935.1_bSetPet1.0.p_genomic.fna
Songbirds/Yellow_Warbler/bSetPet1_alt,/local/storage/dhardesty/assemblies/#Birds/Songbirds/Yellow_Warbler/GCA_024372515.1_bSetPet1.0.a_genomic.fna
Songbirds/Zebra_Finch/bTaeGut7_pri,/local/storage/dhardesty/assemblies/#Birds/Songbirds/Zebra_Finch/GCA_048771995.1_bTaeGut7.mat_genomic.fna
Songbirds/Zebra_Finch/bTaeGut7_alt,/local/storage/dhardesty/assemblies/#Birds/Songbirds/Zebra_Finch/GCA_048772025.1_bTaeGut7.pat_genomic.fna
Songbirds/Paradise_Crow/bLycPry6_pri,/local/storage/dhardesty/assemblies/#Birds/Songbirds/Paradise_Crow/GCA_014706295.1_ASM1470629v1_genomic.fna
Songbirds/SilverEye/bZosLat1_pri,/local/storage/dhardesty/assemblies/#Birds/Songbirds/SilverEye/GCA_965231275.1_bZosLat1.hap1.1_genomic.fna
Songbirds/Song_Sparrow/bMelMel2_pri,/local/storage/dhardesty/assemblies/#Birds/Songbirds/Song_Sparrow/GCA_035770615.1_bMelMel2.pri_genomic.fna
Songbirds/Song_Sparrow/bMelMel2_alt,/local/storage/dhardesty/assemblies/#Birds/Songbirds/Song_Sparrow/GCA_035771015.1_bMelMel2.alt_genomic.fna
Songbirds/Barn_Swallow/bHirRus1_pri,/local/storage/dhardesty/assemblies/#Birds/Songbirds/Barn_Swallow/GCA_015227805.3_bHirRus1.pri.v3_genomic.fna
Songbirds/Barn_Swallow/bHirRus1_alt,/local/storage/dhardesty/assemblies/#Birds/Songbirds/Barn_Swallow/GCA_015227815.3_bHirRus1.alt.v3_genomic.fna
Songbirds/Florida_scrub_jay/A.coerulescens_AC_1603_72852_pri,/local/storage/dhardesty/assemblies/#Kats_Birds/#final/genomes/jays/Florida_scrub_jay/A.coerulescens_AC_1603_72852_pri/GCA_048182525.1_A.coerulescens_AC_1603_72852_pri_1.0_genomic.fna
Songbirds/Florida_scrub_jay/A.coerulescens_AC_1603_72872_pri,/local/storage/dhardesty/assemblies/#Kats_Birds/#final/genomes/jays/Florida_scrub_jay/A.coerulescens_AC_1603_72872_pri/GCA_048182585.1_A.coerulescens_AC_1603_72872_pri_1.0_genomic.fna
Songbirds/Florida_scrub_jay/A.coerulescens_AC_1713_89780_pri,/local/storage/dhardesty/assemblies/#Kats_Birds/#final/genomes/jays/Florida_scrub_jay/A.coerulescens_AC_1713_89780_pri/GCA_048182505.1_A.coerulescens_AC_1713_89780_pri_1.0_genomic.fna
Songbirds/Florida_scrub_jay/A.coerulescens_AC_1873_10093_pri,/local/storage/dhardesty/assemblies/#Kats_Birds/#final/genomes/jays/Florida_scrub_jay/A.coerulescens_AC_1873_10093_pri/GCA_048182465.1_A.coerulescens_AC_1873_10093_pri_1.0_genomic.fna
Songbirds/Florida_scrub_jay/A.coerulescens_AC_1873_10702_pri,/local/storage/dhardesty/assemblies/#Kats_Birds/#final/genomes/jays/Florida_scrub_jay/A.coerulescens_AC_1873_10702_pri/GCA_048182485.1_A.coerulescens_AC_1873_10702_pri_1.0_genomic.fna
Songbirds/Florida_scrub_jay/A.coerulescens_AC_1873_10717_pri,/local/storage/dhardesty/assemblies/#Kats_Birds/#final/genomes/jays/Florida_scrub_jay/A.coerulescens_AC_1873_10717_pri/GCA_048182445.1_A.coerulescens_AC_1873_10717_pri_1.0_genomic.fna
Songbirds/Florida_scrub_jay/A.coerulescens_AC_1873_10752_pri,/local/storage/dhardesty/assemblies/#Kats_Birds/#final/genomes/jays/Florida_scrub_jay/A.coerulescens_AC_1873_10752_pri/GCA_048182385.1_A.coerulescens_AC_1873_10752_pri_1.0_genomic.fna
Songbirds/Florida_scrub_jay/A.coerulescens_AC_1873_10831_pri,/local/storage/dhardesty/assemblies/#Kats_Birds/#final/genomes/jays/Florida_scrub_jay/A.coerulescens_AC_1873_10831_pri/GCA_048182425.1_A.coerulescens_AC_1873_10831_pri_1.0_genomic.fna
Songbirds/Florida_scrub_jay/A.coerulescens_AC_1873_20908_pri,/local/storage/dhardesty/assemblies/#Kats_Birds/#final/genomes/jays/Florida_scrub_jay/A.coerulescens_AC_1873_20908_pri/GCA_048182405.1_A.coerulescens_AC_1873_20908_pri_1.0_genomic.fna
Songbirds/Florida_scrub_jay/A.coerulescens_AC_1873_20930_pri,/local/storage/dhardesty/assemblies/#Kats_Birds/#final/genomes/jays/Florida_scrub_jay/A.coerulescens_AC_1873_20930_pri/GCA_048182365.1_A.coerulescens_AC_1873_20930_pri_1.0_genomic.fna
Songbirds/Florida_scrub_jay/A.coerulescens_AC_1873_20934_pri,/local/storage/dhardesty/assemblies/#Kats_Birds/#final/genomes/jays/Florida_scrub_jay/A.coerulescens_AC_1873_20934_pri/GCA_048182345.1_A.coerulescens_AC_1873_20934_pri_1.0_genomic.fna
Songbirds/Florida_scrub_jay/A.coerulescens_AC_1873_20954_pri,/local/storage/dhardesty/assemblies/#Kats_Birds/#final/genomes/jays/Florida_scrub_jay/A.coerulescens_AC_1873_20954_pri/GCA_048182325.1_A.coerulescens_AC_1873_20954_pri_1.0_genomic.fna
Songbirds/Florida_scrub_jay/A.coerulescens_AC_1873_20970_pri,/local/storage/dhardesty/assemblies/#Kats_Birds/#final/genomes/jays/Florida_scrub_jay/A.coerulescens_AC_1873_20970_pri/GCA_048182285.1_A.coerulescens_AC_1873_20970_pri_1.0_genomic.fna
Songbirds/Florida_scrub_jay/A.coerulescens_AC_1873_20946_pri,/local/storage/dhardesty/assemblies/#Kats_Birds/#final/genomes/jays/Florida_scrub_jay/A.coerulescens_AC_1873_20946_pri/GCA_048182305.1_A.coerulescens_AC_1873_20946_pri_1.0_genomic.fna
Songbirds/Island_scrub_jay/A.insularis_AI_1363_74536_pri,/local/storage/dhardesty/assemblies/#Kats_Birds/#final/genomes/jays/Island_scrub_jay/A.insularis_AI_1363_74536_pri/GCA_048182265.1_A.insularis_AI_1363_74536_pri_1.0_genomic.fna
Songbirds/Island_scrub_jay/A.insularis_AI_1363_74537_pri,/local/storage/dhardesty/assemblies/#Kats_Birds/#final/genomes/jays/Island_scrub_jay/A.insularis_AI_1363_74537_pri/GCA_048182245.1_A.insularis_AI_1363_74537_pri_1.0_genomic.fna
Songbirds/Island_scrub_jay/A.insularis_AI_1363_74539_pri,/local/storage/dhardesty/assemblies/#Kats_Birds/#final/genomes/jays/Island_scrub_jay/A.insularis_AI_1363_74539_pri/GCA_048182225.1_A.insularis_AI_1363_74539_pri_1.0_genomic.fna
Songbirds/Island_scrub_jay/A.insularis_AI_1363_74544_pri,/local/storage/dhardesty/assemblies/#Kats_Birds/#final/genomes/jays/Island_scrub_jay/A.insularis_AI_1363_74544_pri/GCA_048182185.1_A.insularis_AI_1363_74544_pri_1.0_genomic.fna
Songbirds/Island_scrub_jay/A.insularis_AI_1363_74563_pri,/local/storage/dhardesty/assemblies/#Kats_Birds/#final/genomes/jays/Island_scrub_jay/A.insularis_AI_1363_74563_pri/GCA_048182205.1_A.insularis_AI_1363_74563_pri_1.0_genomic.fna
Songbirds/Island_scrub_jay/A.insularis_AI_1363_74565_pri,/local/storage/dhardesty/assemblies/#Kats_Birds/#final/genomes/jays/Island_scrub_jay/A.insularis_AI_1363_74565_pri/GCA_048182145.1_A.insularis_AI_1363_74565_pri_1.0_genomic.fna
Songbirds/Island_scrub_jay/A.insularis_AI_1603_79174_pri,/local/storage/dhardesty/assemblies/#Kats_Birds/#final/genomes/jays/Island_scrub_jay/A.insularis_AI_1603_79174_pri/GCA_048182125.1_A.insularis_AI_1603_79174_pri_1.0_genomic.fna
Songbirds/Island_scrub_jay/A.insularis_AI_1603_79203_pri,/local/storage/dhardesty/assemblies/#Kats_Birds/#final/genomes/jays/Island_scrub_jay/A.insularis_AI_1603_79203_pri/GCA_048182105.1_A.insularis_AI_1603_79203_pri_1.0_genomic.fna
Songbirds/Island_scrub_jay/A.insularis_AI_1603_79218_pri,/local/storage/dhardesty/assemblies/#Kats_Birds/#final/genomes/jays/Island_scrub_jay/A.insularis_AI_1603_79218_pri/GCA_048182165.1_A.insularis_AI_1603_79218_pri_1.0_genomic.fna
Songbirds/Island_scrub_jay/A.insularis_AI_1603_79232_pri,/local/storage/dhardesty/assemblies/#Kats_Birds/#final/genomes/jays/Island_scrub_jay/A.insularis_AI_1603_79232_pri/GCA_048182075.1_A.insularis_AI_1603_79232_pri_1.0_genomic.fna
Songbirds/Island_scrub_jay/A.insularis_AI_1603_79302_pri,/local/storage/dhardesty/assemblies/#Kats_Birds/#final/genomes/jays/Island_scrub_jay/A.insularis_AI_1603_79302_pri/GCA_048182055.1_A.insularis_AI_1603_79302_pri_1.0_genomic.fna
Songbirds/Island_scrub_jay/A.insularis_AI_1603_79315_pri,/local/storage/dhardesty/assemblies/#Kats_Birds/#final/genomes/jays/Island_scrub_jay/A.insularis_AI_1603_79315_pri/GCA_048182035.1_A.insularis_AI_1603_79315_pri_1.0_genomic.fna
Songbirds/Island_scrub_jay/A.insularis_AI_1703_64680_pri,/local/storage/dhardesty/assemblies/#Kats_Birds/#final/genomes/jays/Island_scrub_jay/A.insularis_AI_1703_64680_pri/GCA_048182015.1_A.insularis_AI_1703_64680_pri_1.0_genomic.fna
Songbirds/Island_scrub_jay/A.insularis_AI_1833_00513_pri,/local/storage/dhardesty/assemblies/#Kats_Birds/#final/genomes/jays/Island_scrub_jay/A.insularis_AI_1833_00513_pri/GCA_048181975.1_A.insularis_AI_1833_00513_pri_1.0_genomic.fna
Songbirds/Island_scrub_jay/A.insularis_AI_1833_00687_pri,/local/storage/dhardesty/assemblies/#Kats_Birds/#final/genomes/jays/Island_scrub_jay/A.insularis_AI_1833_00687_pri/GCA_048181955.1_A.insularis_AI_1833_00687_pri_1.0_genomic.fna
Songbirds/Woodhouse_scrub_jay/A.woodhouseii_AW_365326_pri,/local/storage/dhardesty/assemblies/#Kats_Birds/#final/genomes/jays/Woodhouse_scrub_jay/A.woodhouseii_AW_365326_pri/GCA_048174545.1_A.woodhouseii_AW_365326_pri_1.0_genomic.fna
Songbirds/Woodhouse_scrub_jay/A.woodhouseii_AW_365327_pri,/local/storage/dhardesty/assemblies/#Kats_Birds/#final/genomes/jays/Woodhouse_scrub_jay/A.woodhouseii_AW_365327_pri/GCA_048174525.1_A.woodhouseii_AW_365327_pri_1.0_genomic.fna
Songbirds/Woodhouse_scrub_jay/A.woodhouseii_AW_365335_pri,/local/storage/dhardesty/assemblies/#Kats_Birds/#final/genomes/jays/Woodhouse_scrub_jay/A.woodhouseii_AW_365335_pri/GCA_048174505.1_A.woodhouseii_AW_365335_pri_1.0_genomic.fna
Songbirds/Woodhouse_scrub_jay/A.woodhouseii_AW_365337_pri,/local/storage/dhardesty/assemblies/#Kats_Birds/#final/genomes/jays/Woodhouse_scrub_jay/A.woodhouseii_AW_365337_pri/GCA_048174445.1_A.woodhouseii_AW_365337_pri_1.0_genomic.fna
Songbirds/Woodhouse_scrub_jay/A.woodhouseii_AW_365338_pri,/local/storage/dhardesty/assemblies/#Kats_Birds/#final/genomes/jays/Woodhouse_scrub_jay/A.woodhouseii_AW_365338_pri/GCA_048174435.1_A.woodhouseii_AW_365338_pri_1.0_genomic.fna
Songbirds/Woodhouse_scrub_jay/A.woodhouseii_AW_365339_pri,/local/storage/dhardesty/assemblies/#Kats_Birds/#final/genomes/jays/Woodhouse_scrub_jay/A.woodhouseii_AW_365339_pri/GCA_048174455.1_A.woodhouseii_AW_365339_pri_1.0_genomic.fna
Songbirds/Woodhouse_scrub_jay/A.woodhouseii_AW_366487_pri,/local/storage/dhardesty/assemblies/#Kats_Birds/#final/genomes/jays/Woodhouse_scrub_jay/A.woodhouseii_AW_366487_pri/GCA_048174425.1_A.woodhouseii_AW_366487_pri_1.0_genomic.fna
Songbirds/Woodhouse_scrub_jay/A.woodhouseii_AW_366488_pri,/local/storage/dhardesty/assemblies/#Kats_Birds/#final/genomes/jays/Woodhouse_scrub_jay/A.woodhouseii_AW_366488_pri/GCA_048174385.1_A.woodhouseii_AW_366488_pri_1.0_genomic.fna
Songbirds/Woodhouse_scrub_jay/A.woodhouseii_AW_366490_pri,/local/storage/dhardesty/assemblies/#Kats_Birds/#final/genomes/jays/Woodhouse_scrub_jay/A.woodhouseii_AW_366490_pri/GCA_048174395.1_A.woodhouseii_AW_366490_pri_1.0_genomic.fna
Songbirds/Woodhouse_scrub_jay/A.woodhouseii_AW_366493_pri,/local/storage/dhardesty/assemblies/#Kats_Birds/#final/genomes/jays/Woodhouse_scrub_jay/A.woodhouseii_AW_366493_pri/GCA_048174365.1_A.woodhouseii_AW_366493_pri_1.0_genomic.fna
Songbirds/Woodhouse_scrub_jay/A.woodhouseii_AW_366494_pri,/local/storage/dhardesty/assemblies/#Kats_Birds/#final/genomes/jays/Woodhouse_scrub_jay/A.woodhouseii_AW_366494_pri/GCA_048174325.1_A.woodhouseii_AW_366494_pri_1.0_genomic.fna
Songbirds/Woodhouse_scrub_jay/A.woodhouseii_AW_366497_pri,/local/storage/dhardesty/assemblies/#Kats_Birds/#final/genomes/jays/Woodhouse_scrub_jay/A.woodhouseii_AW_366497_pri/GCA_048174305.1_A.woodhouseii_AW_366497_pri_1.0_genomic.fna
Songbirds/Woodhouse_scrub_jay/A.woodhouseii_AW_366498_pri,/local/storage/dhardesty/assemblies/#Kats_Birds/#final/genomes/jays/Woodhouse_scrub_jay/A.woodhouseii_AW_366498_pri/GCA_048174275.1_A.woodhouseii_AW_366498_pri_1.0_genomic.fna
Songbirds/Woodhouse_scrub_jay/A.woodhouseii_AW_366499_pri,/local/storage/dhardesty/assemblies/#Kats_Birds/#final/genomes/jays/Woodhouse_scrub_jay/A.woodhouseii_AW_366499_pri/GCA_048174335.1_A.woodhouseii_AW_366499_pri_1.0_genomic.fna
Songbirds/Yucatan_jay/C.yucatanicus_CY_8788_pri,/local/storage/dhardesty/assemblies/#Kats_Birds/#final/genomes/jays/Yucatan_jay/C.yucatanicus_CY_8788_pri/GCA_048174265.1_C.yucatanicus_CY_8788_pri_1.0_genomic.fna
Songbirds/Chestnut_seedeater/bSpoCin1_alt,/local/storage/dhardesty/assemblies/Capuchino_Seedeaters/Chestnut_seedeater/GCA_056321245.1_Alternate_assembly_for_S._cinnamomea_CIN3122_using_PacBio_HIFI_reads_genomic.fna
Songbirds/Chestnut_seedeater/bSpoCin2_alt,/local/storage/dhardesty/assemblies/Capuchino_Seedeaters/Chestnut_seedeater/GCA_056321295.1_Alternate_assembly_for_S._cinnamomea_CIN3121_using_PacBio_HIFI_reads_genomic.fna
Songbirds/Chestnut_seedeater/bSpoCin3_pri,/local/storage/dhardesty/assemblies/Capuchino_Seedeaters/Chestnut_seedeater/GCA_056321315.1_Primary_assembly_for_S._cinnamomea_CIN3122_using_PacBio_HIFI_reads_genomic.fna
Songbirds/Chestnut_seedeater/bSpoCin4_pri,/local/storage/dhardesty/assemblies/Capuchino_Seedeaters/Chestnut_seedeater/GCA_056321345.1_Primary_assembly_for_S._cinnamomea_CIN3121_using_PacBio_HIFI_reads_genomic.fna
Songbirds/Dark_throated_seedeater/bSpoRuf1_alt,/local/storage/dhardesty/assemblies/Capuchino_Seedeaters/Dark_throated_seedeater/GCA_056320825.1_Alternate_assembly_for_S._ruficollis_RUF3128_using_PacBio_HIFI_reads_genomic.fna
Songbirds/Dark_throated_seedeater/bSpoRuf2_alt,/local/storage/dhardesty/assemblies/Capuchino_Seedeaters/Dark_throated_seedeater/GCA_056320845.1_Alternate_assembly_for_S._ruficollis_RUF3129_using_PacBio_HIFI_reads_genomic.fna
Songbirds/Dark_throated_seedeater/bSpoRuf3_pri,/local/storage/dhardesty/assemblies/Capuchino_Seedeaters/Dark_throated_seedeater/GCA_056320925.1_Primary_assembly_for_S._ruficollis_RUF3129_using_PacBio_HIFI_reads_genomic.fna
Songbirds/Dark_throated_seedeater/bSpoRuf4_pri,/local/storage/dhardesty/assemblies/Capuchino_Seedeaters/Dark_throated_seedeater/GCA_056364165.1_Primary_assembly_for_S._ruficollis_RUF3128_using_PacBio_HIFI_reads_genomic.fna
Songbirds/Grey_and_chestnut_seedeater/bSpoHyp1_alt,/local/storage/dhardesty/assemblies/Capuchino_Seedeaters/Grey_and_chestnut_seedeater/GCA_056321225.1_Alternate_assembly_for_S._hypochroma_CRO3131_using_PacBio_HIFI_reads_genomic.fna
Songbirds/Grey_and_chestnut_seedeater/bSpoHyp2_pri,/local/storage/dhardesty/assemblies/Capuchino_Seedeaters/Grey_and_chestnut_seedeater/GCA_056321265.1_Primary_assembly_for_S._hypochroma_CRO3131_using_PacBio_HIFI_reads_genomic.fna
Songbirds/Ibera_seedeater/bSpoIbe1,/local/storage/dhardesty/assemblies/Capuchino_Seedeaters/Ibera_seedeater/GCA_053841365.1_ASM5384136v1_genomic.fna
Songbirds/Ibera_seedeater/bSpoIbe2,/local/storage/dhardesty/assemblies/Capuchino_Seedeaters/Ibera_seedeater/GCA_053841385.1_ASM5384138v1_genomic.fna
Songbirds/Ibera_seedeater/bSpoIbe3,/local/storage/dhardesty/assemblies/Capuchino_Seedeaters/Ibera_seedeater/GCA_053841425.1_ASM5384142v1_genomic.fna
Songbirds/Ibera_seedeater/bSpoIbe4,/local/storage/dhardesty/assemblies/Capuchino_Seedeaters/Ibera_seedeater/GCA_053841435.1_ASM5384143v1_genomic.fna
Songbirds/Ibera_seedeater/bSpoIbe5,/local/storage/dhardesty/assemblies/Capuchino_Seedeaters/Ibera_seedeater/GCA_053841505.1_ASM5384150v1_genomic.fna
Songbirds/Ibera_seedeater/bSpoIbe6,/local/storage/dhardesty/assemblies/Capuchino_Seedeaters/Ibera_seedeater/GCA_053841535.1_ASM5384153v1_genomic.fna
Songbirds/Ibera_seedeater/bSpoIbe7,/local/storage/dhardesty/assemblies/Capuchino_Seedeaters/Ibera_seedeater/GCA_053841555.1_ASM5384155v1_genomic.fna
Songbirds/Ibera_seedeater/bSpoIbe8,/local/storage/dhardesty/assemblies/Capuchino_Seedeaters/Ibera_seedeater/GCA_053841595.1_ASM5384159v1_genomic.fna
Songbirds/Marsh_seedeater/bSpoPal1_alt,/local/storage/dhardesty/assemblies/Capuchino_Seedeaters/Marsh_seedeater/GCA_056320885.1_Alternate_assembly_for_S._palustris_PAL3372_using_PacBio_HIFI_reads_genomic.fna
Songbirds/Marsh_seedeater/bSpoPal2_alt,/local/storage/dhardesty/assemblies/Capuchino_Seedeaters/Marsh_seedeater/GCA_056320905.1_Alternate_assembly_for_S._palustris_PAL3118_using_PacBio_HIFI_reads_genomic.fna
Songbirds/Marsh_seedeater/bSpoPal3_pri,/local/storage/dhardesty/assemblies/Capuchino_Seedeaters/Marsh_seedeater/GCA_056321005.1_Primary_assembly_for_S._palustris_PAL3118_using_PacBio_HIFI_reads_genomic.fna
Songbirds/Marsh_seedeater/bSpoPal4_pri,/local/storage/dhardesty/assemblies/Capuchino_Seedeaters/Marsh_seedeater/GCA_056321035.1_Primary_assembly_for_S._palustris_PAL3117_using_PacBio_HIFI_reads_genomic.fna
Songbirds/Marsh_seedeater/bSpoPal5_alt,/local/storage/dhardesty/assemblies/Capuchino_Seedeaters/Marsh_seedeater/GCA_056321205.1_Alternate_assembly_for_S._palustris_PAL3117_using_PacBio_HIFI_reads_genomic.fna
Songbirds/Marsh_seedeater/bSpoPal6_pri,/local/storage/dhardesty/assemblies/Capuchino_Seedeaters/Marsh_seedeater/GCA_056364205.1_Primary_assembly_for_S._palustris_PAL3372_using_PacBio_HIFI_reads_genomic.fna
Songbirds/Pearly_bellied_seedeater/bSpoPil1_alt,/local/storage/dhardesty/assemblies/Capuchino_Seedeaters/Pearly_bellied_seedeater/GCA_056320865.1_Alternate_assembly_for_S._pileata_PIL3664_using_PacBio_HIFI_reads_genomic.fna
Songbirds/Pearly_bellied_seedeater/bSpoPil2_pri,/local/storage/dhardesty/assemblies/Capuchino_Seedeaters/Pearly_bellied_seedeater/GCA_056320965.1_Primary_assembly_for_S._pileata_PIL3664_using_PacBio_HIFI_reads_genomic.fna
Songbirds/Tawny_bellied_seedeater/bSpoHyp1,/local/storage/dhardesty/assemblies/Capuchino_Seedeaters/Tawny_bellied_seedeater/GCA_053841405.1_ASM5384140v1_genomic.fna
Songbirds/Tawny_bellied_seedeater/bSpoHyp2,/local/storage/dhardesty/assemblies/Capuchino_Seedeaters/Tawny_bellied_seedeater/GCA_053841465.1_ASM5384146v1_genomic.fna
Songbirds/Tawny_bellied_seedeater/bSpoHyp3,/local/storage/dhardesty/assemblies/Capuchino_Seedeaters/Tawny_bellied_seedeater/GCA_053841485.1_ASM5384148v1_genomic.fna
Songbirds/Tawny_bellied_seedeater/bSpoHyp4,/local/storage/dhardesty/assemblies/Capuchino_Seedeaters/Tawny_bellied_seedeater/GCA_053841625.1_ASM5384162v1_genomic.fna
Songbirds/Tawny_bellied_seedeater/bSpoHyp5,/local/storage/dhardesty/assemblies/Capuchino_Seedeaters/Tawny_bellied_seedeater/GCA_053841655.1_ASM5384165v1_genomic.fna
Songbirds/Tawny_bellied_seedeater/bSpoHyp6,/local/storage/dhardesty/assemblies/Capuchino_Seedeaters/Tawny_bellied_seedeater/GCA_053841685.1_ASM5384168v1_genomic.fna
Songbirds/Common_cactus_finch/Scandens_alt,/local/storage/dhardesty/assemblies/#Kats_Birds/#final/genomes/finches/Scandens/Scandens_alt/Scandens.hap2.fa
Songbirds/Common_cactus_finch/Scandens_pri,/local/storage/dhardesty/assemblies/#Kats_Birds/#final/genomes/finches/Scandens/Scandens_pri/Scandens.hap1.fa
Songbirds/Large_ground_finch/Magnirostris_alt,/local/storage/dhardesty/assemblies/#Kats_Birds/#final/genomes/finches/Magnirostris/Magnirostris_alt/Magnirostris.hap2.fa
Songbirds/Large_ground_finch/Magnirostris_pri,/local/storage/dhardesty/assemblies/#Kats_Birds/#final/genomes/finches/Magnirostris/Magnirostris_pri/Magnirostris.hap1.fa
Songbirds/Medium_ground_finch/Fortis_pri,/local/storage/dhardesty/assemblies/#Kats_Birds/#final/genomes/finches/Fortis/Fortis_pri/Fortis.hap2.fa
Songbirds/Medium_ground_finch/GeospizaFortis_HiC,/local/storage/dhardesty/assemblies/#Kats_Birds/#final/genomes/finches/GeospizaFortis.HiC/GeospizaFortis_HiC/GeospizaFortis.HiC.fa
Songbirds/Small_ground_finch/Fuliginosa_alt,/local/storage/dhardesty/assemblies/#Kats_Birds/#final/genomes/finches/Fuliginosa/Fuliginosa_alt/Fuliginosa.hap2.fa
Songbirds/Small_ground_finch/Fuliginosa_pri,/local/storage/dhardesty/assemblies/#Kats_Birds/#final/genomes/finches/Fuliginosa/Fuliginosa_pri/Fuliginosa.hap1.fa
Songbirds/Small_tree_finch/GCA_902806625_1,/local/storage/dhardesty/assemblies/#Kats_Birds/#final/genomes/finches/GCA_902806625.1/GCA_902806625_1/GCA_902806625.1.fa
Cormorants/European_Shag/bGulAri2_pri,/local/storage/dhardesty/assemblies/#Birds/Cormorants/European_Shag/GCA_949628215.1_bGulAri2.1_genomic.fna
Cormorants/European_Shag/bGulAri2_alt,/local/storage/dhardesty/assemblies/#Birds/Cormorants/European_Shag/GCA_949628205.1_bGulAri2.1_alternate_haplotype_genomic.fna
Cormorants/Great_Cormorant/bPhaCar2_pri,/local/storage/dhardesty/assemblies/#Birds/Cormorants/Great_Cormorant/GCA_963921805.1_bPhaCar2.1_genomic.fna
Cormorants/Great_Cormorant/bPhaCar2_alt,/local/storage/dhardesty/assemblies/#Birds/Cormorants/Great_Cormorant/GCA_963921815.1_bPhaCar2.1_alternate_haplotype_genomic.fna
Cranes/Black_Rail/bLatJam1_alt,/local/storage/dhardesty/assemblies/#Birds/Cranes/Black_Rail/GCA_022605925.1_bLatJam1.0.a_genomic.fna
Cranes/Black_Rail/bLatJam1_pri,/local/storage/dhardesty/assemblies/#Birds/Cranes/Black_Rail/GCA_022605575.1_bLatJam1.0.p_genomic.fna
Cranes/Grey_CrownedCrane/bBalReg1_pri,/local/storage/dhardesty/assemblies/#Birds/Cranes/Grey_CrownedCrane/GCA_011004875.1_bBalReg1.pri_genomic.fna
Cranes/Grey_CrownedCrane/bBalReg1_alt,/local/storage/dhardesty/assemblies/#Birds/Cranes/Grey_CrownedCrane/GCA_011004865.1_bBalReg1.alt_genomic.fna
Cranes/Whooping_Crane/bGruAme1_pri,/local/storage/dhardesty/assemblies/#Birds/Cranes/Whooping_Crane/GCA_028858705.1_bGruAme1.mat_genomic.fna
Cranes/Whooping_Crane/bGruAme1_alt,/local/storage/dhardesty/assemblies/#Birds/Cranes/Whooping_Crane/GCA_028858595.1_bGruAme1.pat_genomic.fna
Cranes/Eurasian_Crane/bGruGru1_pri,/local/storage/dhardesty/assemblies/#Birds/Cranes/Eurasian_Crane/GCA_964106855.1_bGruGru1.hap1.1_genomic.fna
Cranes/Takahe/bPorHoc1_pri,/local/storage/dhardesty/assemblies/#Birds/Cranes/Takahe/GCA_020800305.1_bPorHoc1.mat.Z.cur_genomic.fna
Cranes/Takahe/bPorHoc1_alt,/local/storage/dhardesty/assemblies/#Birds/Cranes/Takahe/GCA_020801775.1_bPorHoc1.pat.decon_genomic.fna
Cranes/Common_Moorhen/bGalChl1_pri,/local/storage/dhardesty/assemblies/#Birds/Cranes/Common_Moorhen/GCA_964237585.1_bGalChl1.hap1.1_genomic.fna
Cranes/Virginia_Rail/bRalLim1_pri,/local/storage/dhardesty/assemblies/#Birds/Cranes/Virginia_Rail/GCA_022605955.1_bRalLim1.0.p_genomic.fna
Cranes/Virginia_Rail/bRalLim1_alt,/local/storage/dhardesty/assemblies/#Birds/Cranes/Virginia_Rail/GCA_022605895.1_bRalLim1.0.a_genomic.fna
MiscBirds/Elegant_Crested_Tinamou/bEudEle1_pri,/local/storage/dhardesty/assemblies/#Birds/MiscBirds/Elegant_Crested_Tinamou/GCA_047922985.1_bEudEle1_v1.hap1_genomic.fna
MiscBirds/Elegant_Crested_Tinamou/bEudEle1_alt,/local/storage/dhardesty/assemblies/#Birds/MiscBirds/Elegant_Crested_Tinamou/GCA_047922975.1_bEudEle1_v1.hap2_genomic.fna
MiscBirds/Kagu/bRhyJub1_pri,/local/storage/dhardesty/assemblies/#Birds/MiscBirds/Kagu/GCA_027574665.1_bRhyJub1.pri_genomic.fna
MiscBirds/Kagu/bRhyJub1_alt,/local/storage/dhardesty/assemblies/#Birds/MiscBirds/Kagu/GCA_027595965.1_bRhyJub1.alt_genomic.fna
MiscBirds/Common_Cuckoo/bCucCan1_pri,/local/storage/dhardesty/assemblies/#Birds/MiscBirds/Common_Cuckoo/GCA_017976375.1_bCucCan1.pri_genomic.fna
MiscBirds/Common_Cuckoo/bCucCan1_alt,/local/storage/dhardesty/assemblies/#Birds/MiscBirds/Common_Cuckoo/GCA_017976305.1_bCucCan1.alt_genomic.fna
MiscBirds/Rifleman/bAcaChl1_pri,/local/storage/dhardesty/assemblies/#Birds/MiscBirds/Rifleman/GCA_016904835.1_bAcaChl1.pri_genomic.fna
MiscBirds/Rifleman/bAcaChl1_alt,/local/storage/dhardesty/assemblies/#Birds/MiscBirds/Rifleman/GCA_016880875.1_bAcaChl1.alt_genomic.fna
MiscBirds/North_Island_Brown_Kiwi/bAptMan1_pri,/local/storage/dhardesty/assemblies/#Birds/MiscBirds/North_Island_Brown_Kiwi/GCA_036417845.1_bAptMan1.hap1_genomic.fna
MiscBirds/North_Island_Brown_Kiwi/bAptMan1_alt,/local/storage/dhardesty/assemblies/#Birds/MiscBirds/North_Island_Brown_Kiwi/GCA_036417975.1_bAptMan1.hap2_genomic.fna
MiscBirds/Emu/bDroNov1_pri,/local/storage/dhardesty/assemblies/#Birds/MiscBirds/Emu/GCA_036370855.1_bDroNov1.hap1_genomic.fna
MiscBirds/Emu/bDroNov1_alt,/local/storage/dhardesty/assemblies/#Birds/MiscBirds/Emu/GCA_036417515.1_bDroNov1.hap2_genomic.fna
MiscBirds/King_Vulture/bSarPap1_pri,/local/storage/dhardesty/assemblies/#Birds/MiscBirds/King_Vulture/GCA_037962945.1_bSarPap1.hap1_genomic.fna
MiscBirds/King_Vulture/bSarPap1_alt,/local/storage/dhardesty/assemblies/#Birds/MiscBirds/King_Vulture/GCA_037950955.1_bSarPap1.hap2_genomic.fna
MiscBirds/Common_Ostrich/bStrCam1_pri,/local/storage/dhardesty/assemblies/#Birds/MiscBirds/Common_Ostrich/GCA_040807025.1_bStrCam1.hap1_genomic.fna
MiscBirds/Common_Ostrich/bStrCam1_alt,/local/storage/dhardesty/assemblies/#Birds/MiscBirds/Common_Ostrich/GCA_040807015.1_bStrCam1.hap2_genomic.fna
MiscBirds/Speckled_Mousebird/bColStr4_pri,/local/storage/dhardesty/assemblies/#Birds/MiscBirds/Speckled_Mousebird/GCA_028858725.2_bColStr4.1.hap1_genomic.fna
MiscBirds/Speckled_Mousebird/bColStr4_alt,/local/storage/dhardesty/assemblies/#Birds/MiscBirds/Speckled_Mousebird/GCA_028858625.2_bColStr4.1.hap2_genomic.fna
MiscBirds/Northern_Gannet/bMorBas2_pri,/local/storage/dhardesty/assemblies/#Birds/MiscBirds/Northern_Gannet/GCA_031468805.1_bMorBas2.hap1_genomic.fna
MiscBirds/Northern_Gannet/bMorBas2_alt,/local/storage/dhardesty/assemblies/#Birds/MiscBirds/Northern_Gannet/GCA_031468815.1_bMorBas2.hap2_genomic.fna
MiscBirds/Eurasian_Nightjar/bCapEur3_pri,/local/storage/dhardesty/assemblies/#Birds/MiscBirds/Eurasian_Nightjar/GCA_907165065.1_bCapEur3.1_genomic.fna
MiscBirds/Eurasian_Nightjar/bCapEur3_alt,/local/storage/dhardesty/assemblies/#Birds/MiscBirds/Eurasian_Nightjar/GCA_907165095.1_bCapEur3.1_alternate_haplotype_genomic.fna
MiscBirds/Lesser_Rhea/bPtePen1_pri,/local/storage/dhardesty/assemblies/#Birds/MiscBirds/Lesser_Rhea/GCA_028389875.1_bPtePen1.pri_genomic.fna
MiscBirds/Lesser_Rhea/bPtePen1_alt,/local/storage/dhardesty/assemblies/#Birds/MiscBirds/Lesser_Rhea/GCA_028389885.1_bPtePen1.alt_genomic.fna
MiscBirds/Common_Swift/bApuApu2_pri,/local/storage/dhardesty/assemblies/#Birds/MiscBirds/Common_Swift/GCA_020740795.1_bApuApu2.pri.cur_genomic.fna
MiscBirds/Common_Swift/bApuApu2_alt,/local/storage/dhardesty/assemblies/#Birds/MiscBirds/Common_Swift/GCA_020740585.1_bApuApu2.alt.cur_genomic.fna
MiscBirds/Surucua_Trogon/bTroSur1_pri,/local/storage/dhardesty/assemblies/#Birds/MiscBirds/Surucua_Trogon/GCA_020746105.1_bTroSur1.pri.cur_genomic.fna
MiscBirds/Surucua_Trogon/bTroSur1_alt,/local/storage/dhardesty/assemblies/#Birds/MiscBirds/Surucua_Trogon/GCA_020746095.1_bTroSur1.alt.cur_genomic.fna
MiscBirds/RedBilled_Tropicbird/bPhaAeh10_pri,/local/storage/dhardesty/assemblies/#Birds/MiscBirds/RedBilled_Tropicbird/GCA_964289735.1_bPhaAeh10.maternal.1_genomic.fna
MiscBirds/Abyssinian_Ground_Hornbill/bBucAby1_pri,/local/storage/dhardesty/assemblies/#Birds/MiscBirds/Abyssinian_Ground_Hornbill/GCA_009769605.1_bBucAby1.pri_genomic.fna
MiscBirds/Abyssinian_Ground_Hornbill/bBucAby1_alt,/local/storage/dhardesty/assemblies/#Birds/MiscBirds/Abyssinian_Ground_Hornbill/GCA_009769595.1_bBucAby1.alt_genomic.fna
MiscBirds/Great_Potoo/bNycGra1_pri,/local/storage/dhardesty/assemblies/#Birds/MiscBirds/Great_Potoo/GCA_013368605.1_bNycGra1.pri_genomic.fna
MiscBirds/Great_Potoo/bNycGra1_alt,/local/storage/dhardesty/assemblies/#Birds/MiscBirds/Great_Potoo/GCA_013368595.1_bNycGra1.alt_genomic.fna
MiscBirds/RedCrested_Turaco/bTauEry1_pri,/local/storage/dhardesty/assemblies/#Birds/MiscBirds/RedCrested_Turaco/GCA_009769465.1_bTauEry1.pri_genomic.fna
MiscBirds/RedCrested_Turaco/bTauEry1_alt,/local/storage/dhardesty/assemblies/#Birds/MiscBirds/RedCrested_Turaco/GCA_009764505.1_bTauEry1.alt_genomic.fna
MiscBirds/Macqueens_Bustard/bChlMac1_pri,/local/storage/dhardesty/assemblies/#Birds/MiscBirds/Macqueens_Bustard/GCA_036417535.1_bChlMac1.mat_genomic.fna
MiscBirds/Macqueens_Bustard/bChlMac1_alt,/local/storage/dhardesty/assemblies/#Birds/MiscBirds/Macqueens_Bustard/GCA_036418225.1_bChlMac1.pat_genomic.fna
MiscBirds/Corys_Shearwater/bCalBor7_pri,/local/storage/dhardesty/assemblies/#Birds/MiscBirds/Corys_Shearwater/GCA_964195595.2_bCalBor7.hap1.2_genomic.fna
MiscBirds/Tawny_Frogmouth/bPodStr1_pri,/local/storage/dhardesty/assemblies/#Birds/MiscBirds/Tawny_Frogmouth/GCA_028020825.1_bPodStr1.pri_genomic.fna
MiscBirds/Tawny_Frogmouth/bPodStr1_alt,/local/storage/dhardesty/assemblies/#Birds/MiscBirds/Tawny_Frogmouth/GCA_028020675.1_bPodStr1.alt_genomic.fna
MiscBirds/CuckooRoller/bLepDis1_pri,/local/storage/dhardesty/assemblies/#Birds/MiscBirds/CuckooRoller/GCA_034619455.1_bLepDis1.hap1_genomic.fna
MiscBirds/CuckooRoller/bLepDis1_alt,/local/storage/dhardesty/assemblies/#Birds/MiscBirds/CuckooRoller/GCA_034619465.1_bLepDis1.hap2_genomic.fna
MiscBirds/American_Flamingo/bPhoRub2_pri,/local/storage/dhardesty/assemblies/#Birds/MiscBirds/American_Flamingo/GCA_009819775.1_bPhoRub2.pri_genomic.fna
MiscBirds/American_Flamingo/bPhoRub2_alt,/local/storage/dhardesty/assemblies/#Birds/MiscBirds/American_Flamingo/GCA_009819805.1_bPhoRub2.alt_genomic.fna
MiscBirds/Hoatzin/bOpiHoa1_pri,/local/storage/dhardesty/assemblies/#Birds/MiscBirds/Hoatzin/GCA_030867145.1_bOpiHoa1.hap1_genomic.fna
MiscBirds/Hoatzin/bOpiHoa1_alt,/local/storage/dhardesty/assemblies/#Birds/MiscBirds/Hoatzin/GCA_030867165.1_bOpiHoa1.hap2_genomic.fna
MiscBirds/RedLegged_Seriema/bCarCri1_pri,/local/storage/dhardesty/assemblies/#Birds/MiscBirds/RedLegged_Seriema/GCA_009819825.1_bCarCri1.pri_genomic.fna
MiscBirds/RedLegged_Seriema/bCarCri1_alt,/local/storage/dhardesty/assemblies/#Birds/MiscBirds/RedLegged_Seriema/GCA_009819485.1_bCarCri1.alt_genomic.fna
MiscBirds/Maguari_Stork/bCicMag1_pri,/local/storage/dhardesty/assemblies/#Birds/MiscBirds/Maguari_Stork/GCA_017639555.1_bCicMag1.pri_genomic.fna
MiscBirds/Maguari_Stork/bCicMag1_alt,/local/storage/dhardesty/assemblies/#Birds/MiscBirds/Maguari_Stork/GCA_017639665.1_bCicMag1.alt_genomic.fna
MiscBirds/Whiskered_Treeswift/bHemCom1_pri,/local/storage/dhardesty/assemblies/#Birds/MiscBirds/Whiskered_Treeswift/GCA_020745705.1_bHemCom1.pri.cur_genomic.fna
MiscBirds/Whiskered_Treeswift/bHemCom1_alt,/local/storage/dhardesty/assemblies/#Birds/MiscBirds/Whiskered_Treeswift/GCA_020745695.1_bHemCom1.alt.cur_genomic.fna
MiscBirds/Dalmatian_Pelican/bPelCri1_pri,/local/storage/dhardesty/assemblies/#Birds/MiscBirds/Dalmatian_Pelican/GCA_030463565.1_bPelCri1.pri_genomic.fna
MiscBirds/Dalmatian_Pelican/bPelCri1_alt,/local/storage/dhardesty/assemblies/#Birds/MiscBirds/Dalmatian_Pelican/GCA_030449815.1_bPelCri1.alt_genomic.fna
MiscBirds/Carmine_BeeEater/bMerNub1_pri,/local/storage/dhardesty/assemblies/#Birds/MiscBirds/Carmine_BeeEater/GCA_009819595.1_bMerNub1.pri_genomic.fna
MiscBirds/Carmine_BeeEater/bMerNub1_alt,/local/storage/dhardesty/assemblies/#Birds/MiscBirds/Carmine_BeeEater/GCA_009819585.1_bMerNub1.alt_genomic.fna
MiscBirds/Humboldt_Penguin/bSphHub1_pri,/local/storage/dhardesty/assemblies/#Birds/MiscBirds/Humboldt_Penguin/GCA_027474245.1_bSphHub1.pri_genomic.fna
MiscBirds/Humboldt_Penguin/bSphHub1_alt,/local/storage/dhardesty/assemblies/#Birds/MiscBirds/Humboldt_Penguin/GCA_027474345.1_bSphHub1.alt_genomic.fna
MiscBirds/RedThroated_Loon/bGavSte3_pri,/local/storage/dhardesty/assemblies/#Birds/MiscBirds/RedThroated_Loon/GCA_030936125.1_bGavSte3.hap1_genomic.fna
MiscBirds/RedThroated_Loon/bGavSte3_alt,/local/storage/dhardesty/assemblies/#Birds/MiscBirds/RedThroated_Loon/GCA_030936135.1_bGavSte3.hap2_genomic.fna
MiscBirds/Mountain_OwletNightjar/bAegAlb1_pri,/local/storage/dhardesty/assemblies/#Birds/MiscBirds/Mountain_OwletNightjar/GCA_039906565.1_bAegAlb1.hap1_genomic.fna
MiscBirds/Mountain_OwletNightjar/bAegAlb1_alt,/local/storage/dhardesty/assemblies/#Birds/MiscBirds/Mountain_OwletNightjar/GCA_039906465.1_bAegAlb1.hap2_genomic.fna
MiscBirds/YellowThroated_Sandgrouse/bPteGut1_pri,/local/storage/dhardesty/assemblies/#Birds/MiscBirds/YellowThroated_Sandgrouse/GCA_009769525.1_bPteGut1.pri_genomic.fna
MiscBirds/YellowThroated_Sandgrouse/bPteGut1_alt,/local/storage/dhardesty/assemblies/#Birds/MiscBirds/YellowThroated_Sandgrouse/GCA_009769505.1_bPteGut1.alt_genomic.fna
Owls/Spotted_Owl/bStriOcc1_pri,/local/storage/dhardesty/assemblies/#Birds/Owls/Spotted_Owl/GCA_030819885.1_bStriOcc1.0.hap1_genomic.fna
Owls/Spotted_Owl/bStriOcc1_alt,/local/storage/dhardesty/assemblies/#Birds/Owls/Spotted_Owl/GCA_030819815.1_bStriOcc1.0.hap2_genomic.fna
Owls/Tawny_Owl/bStrAlu1_pri,/local/storage/dhardesty/assemblies/#Birds/Owls/Tawny_Owl/GCA_031877795.1_bStrAlu1.hap1_genomic.fna
Owls/Tawny_Owl/bStrAlu1_alt,/local/storage/dhardesty/assemblies/#Birds/Owls/Tawny_Owl/GCA_031877785.1_bStrAlu1.hap2_genomic.fna
Owls/Little_Owl/bAthNoc1_pri,/local/storage/dhardesty/assemblies/#Birds/Owls/Little_Owl/GCA_965140245.1_bAthNoc1.hap1.1_genomic.fna
Waterfowl/Tufted_Duck/bAytFul2_pri,/local/storage/dhardesty/assemblies/#Birds/Waterfowl/Tufted_Duck/GCA_009819795.1_bAytFul2.pri_genomic.fna
Waterfowl/Tufted_Duck/bAytFul2_alt,/local/storage/dhardesty/assemblies/#Birds/Waterfowl/Tufted_Duck/GCA_009819845.1_bAytFul2.alt_genomic.fna
Waterfowl/Common_Pochard/bAytFer1_pri,/local/storage/dhardesty/assemblies/#Birds/Waterfowl/Common_Pochard/GCA_964211825.1_bAytFer1.hap1.1_genomic.fna
Waterfowl/Greater_Scaup/bAytMar2_pri,/local/storage/dhardesty/assemblies/#Birds/Waterfowl/Greater_Scaup/GCA_965140915.1_bAytMar2.hap1.1_genomic.fna
Waterfowl/RedCrested_Pochard/bNetRuf1_pri,/local/storage/dhardesty/assemblies/#Birds/Waterfowl/RedCrested_Pochard/GCA_964035555.1_bNetRuf1.1_genomic.fna
Waterfowl/RedCrested_Pochard/bNetRuf1_alt,/local/storage/dhardesty/assemblies/#Birds/Waterfowl/RedCrested_Pochard/GCA_964035535.1_bNetRuf1.1_alternate_haplotype_genomic.fna
Waterfowl/Mallard/bAnaPla2_pri,/local/storage/dhardesty/assemblies/#Birds/Waterfowl/Mallard/GCA_964188345.1_bAnaPla2.hap1.1_genomic.fna
Waterfowl/Mallard/bPekinDuck_T2T,/local/storage/dhardesty/assemblies/#Birds/Waterfowl/Mallard/GCF_047663525.1_IASCAAS_PekinDuck_T2T_genomic.fna
Waterfowl/Mute_Swan/bCygOlo1_pri,/local/storage/dhardesty/assemblies/#Birds/Waterfowl/Mute_Swan/GCA_009769625.2_bCygOlo1.pri.v2_genomic.fna
Waterfowl/Mute_Swan/bCygOlo1_alt,/local/storage/dhardesty/assemblies/#Birds/Waterfowl/Mute_Swan/GCA_009769485.2_bCygOlo1.alt.v2_genomic.fna
Waterfowl/Northern_Pintail/bAnaAcu1_pri,/local/storage/dhardesty/assemblies/#Birds/Waterfowl/Northern_Pintail/GCA_963932015.1_bAnaAcu1.1_genomic.fna
Waterfowl/Northern_Pintail/bAnaAcu1_alt,/local/storage/dhardesty/assemblies/#Birds/Waterfowl/Northern_Pintail/GCA_963932075.1_bAnaAcu1.1_alternate_haplotype_genomic.fna
Waterfowl/Canada_Goose/bBraCan1_pri,/local/storage/dhardesty/assemblies/#Birds/Waterfowl/Canada_Goose/GCA_965231335.1_bBraCan1.1_genomic.fna
Waterfowl/Canada_Goose/bBraCan1_alt,/local/storage/dhardesty/assemblies/#Birds/Waterfowl/Canada_Goose/GCA_965231325.1_bBraCan1.1_alternate_haplotype_genomic.fna
Waterfowl/Swan_Goose/bAnsCyg1_pri,/local/storage/dhardesty/assemblies/#Birds/Waterfowl/Swan_Goose/GCA_040182565.1_Taihu_goose_T2T_genome_genomic.fna
Waterfowl/PinkFooted_Goose/bAnsBra1_pri,/local/storage/dhardesty/assemblies/#Birds/Waterfowl/PinkFooted_Goose/GCA_964034855.1_bAnsBra1.1_genomic.fna
Waterfowl/PinkFooted_Goose/bAnsBra1_alt,/local/storage/dhardesty/assemblies/#Birds/Waterfowl/PinkFooted_Goose/GCA_964034845.1_bAnsBra1.1_alternate_haplotype_genomic.fna
Waterfowl/Domestic_Goose/bAnsAns1_pri,/local/storage/dhardesty/assemblies/#Birds/Waterfowl/Domestic_Goose/GCA_964211835.1_bAnsAns1.hap1.1_genomic.fna
Waterfowl/Common_Goldeneye/bBucCla1_pri,/local/storage/dhardesty/assemblies/#Birds/Waterfowl/Common_Goldeneye/GCA_964059595.1_bBucCla1.1_genomic.fna
Waterfowl/Common_Goldeneye/bBucCla1_alt,/local/storage/dhardesty/assemblies/#Birds/Waterfowl/Common_Goldeneye/GCA_964059605.1_bBucCla1.1_alternate_haplotype_genomic.fna
Waterfowl/LongTailed_Duck/bClaHye2_pri,/local/storage/dhardesty/assemblies/#Birds/Waterfowl/LongTailed_Duck/GCA_963989345.1_bClaHye2.1_genomic.fna
Waterfowl/LongTailed_Duck/bClaHye2_alt,/local/storage/dhardesty/assemblies/#Birds/Waterfowl/LongTailed_Duck/GCA_963989315.1_bClaHye2.1_alternate_haplotype_genomic.fna
Waterfowl/Tundra_Swan/bCygCol1_pri,/local/storage/dhardesty/assemblies/#Birds/Waterfowl/Tundra_Swan/GCA_965151615.1_bCygCol1.1_genomic.fna
Waterfowl/Tundra_Swan/bCygCol1_alt,/local/storage/dhardesty/assemblies/#Birds/Waterfowl/Tundra_Swan/GCA_965151595.1_bCygCol1.1_alternate_haplotype_genomic.fna
Waterfowl/Brazilian_Merganser/bMerOct1_alt,/local/storage/dhardesty/assemblies/#Birds/Waterfowl/Brazilian_Merganser/GCA_036850655.1_bMerOct1.hap2_genomic.fna
Waterfowl/Brazilian_Merganser/bMerOct1_pri,/local/storage/dhardesty/assemblies/#Birds/Waterfowl/Brazilian_Merganser/GCA_036873955.1_bMerOct1.hap1_genomic.fna
Woodpeckers/Acorn_Woodpecker/bMelFor1_pri,/local/storage/dhardesty/assemblies/#Birds/Woodpeckers/Acorn_Woodpecker/GCA_026170545.2_bMelFor1.0.p_v2_genomic.fna
Woodpeckers/Acorn_Woodpecker/bMelFor1_alt,/local/storage/dhardesty/assemblies/#Birds/Woodpeckers/Acorn_Woodpecker/GCA_026170555.1_bMelFor1.0.a_genomic.fna
Woodpeckers/Downy_Woodpecker/bDryPub1_pri,/local/storage/dhardesty/assemblies/#Birds/Woodpeckers/Downy_Woodpecker/GCA_014839835.1_bDryPub1.pri_genomic.fna
Woodpeckers/Downy_Woodpecker/bDryPub1_alt,/local/storage/dhardesty/assemblies/#Birds/Woodpeckers/Downy_Woodpecker/GCA_014839825.1_bDryPub1.alt_genomic.fna
Woodpeckers/RedFronted_Tinkerbird/bPogPus1_pri,/local/storage/dhardesty/assemblies/#Birds/Woodpeckers/RedFronted_Tinkerbird/GCA_015220805.1_bPogPus1.pri_genomic.fna
Woodpeckers/RedFronted_Tinkerbird/bPogPus1_alt,/local/storage/dhardesty/assemblies/#Birds/Woodpeckers/RedFronted_Tinkerbird/GCA_015220175.1_bPogPus1.alt_genomic.fna
Eagles/Philippine_eagle/bPitJef1_pri,/local/storage/dhardesty/assemblies/#Birds/Eagles/Philippine_eagle/GCA_054553165.1_bPithJefferyi_magi_1.0_genomic.fna
Songbirds/Woodhouse_scrub_jay/A.woodhouseii_AW_365336_pri,/local/storage/dhardesty/assemblies/#Kats_Birds/#final/genomes/jays/Woodhouse_scrub_jay/A.woodhouseii_AW_365336_pri/GCA_048453715.1_A.woodhouseii_AW_365336_hap1_1.0_genomic.fna
Songbirds/Woodhouse_scrub_jay/A.woodhouseii_AW_365336_alt,/local/storage/dhardesty/assemblies/#Kats_Birds/#final/genomes/jays/Woodhouse_scrub_jay/A.woodhouseii_AW_365336_alt/GCA_048453675.1_A.woodhouseii_AW_365336_hap2_1.0_genomic.fna
